SN,Title,Content
1,"<h2 class=""blog_entry-title""></h2>","<div class=""entry-content"">
<div class=""entry-content"">
</div>
</div>"
2,"<h2 class=""blog_entry-title""></h2>","<div class=""entry-content"">
<div class=""entry-content"">
</div>
</div>"
3,"<h2 class=""blog_entry-title""></h2>","<div class=""entry-content"">
<div class=""entry-content"">
</div>
</div>"
4,"<h2 class=""blog_entry-title""></h2>","<div class=""entry-content"">
<div class=""entry-content"">
</div>
</div>"
5,"<h2 class=""blog_entry-title""></h2>","<div class=""entry-content"">
<div class=""entry-content"">
</div>
</div>"
6,"<h2 class=""blog_entry-title""></h2>","<div class=""entry-content"">
<div class=""entry-content"">
</div>
</div>"
7,"<h2 class=""blog_entry-title""></h2>","<div class=""entry-content"">
<div class=""entry-content"">
</div>
</div>"
8,"<h2 class=""blog_entry-title""></h2>","<div class=""entry-content"">
<div class=""entry-content"">
</div>
</div>"
9,"<h2 class=""blog_entry-title""></h2>","<div class=""entry-content"">
<div class=""entry-content"">
</div>
</div>"
10,"<h2 class=""blog_entry-title""></h2>","<div class=""entry-content"">
<div class=""entry-content"">
</div>
</div>"
11,"<h2 class=""blog_entry-title""></h2>","<div class=""entry-content"">
<div class=""entry-content"">
</div>
</div>"
12,"<h2 class=""blog_entry-title""></h2>","<div class=""entry-content"">
<div class=""entry-content"">
</div>
</div>"
13,"<h2 class=""blog_entry-title""></h2>","<div class=""entry-content"">
<div class=""entry-content"">
</div>
</div>"
14,"<h2 class=""blog_entry-title""></h2>","<div class=""entry-content"">
<div class=""entry-content"">
</div>
</div>"
15,"<h2 class=""blog_entry-title""></h2>","<div class=""entry-content"">
<div class=""entry-content"">
</div>
</div>"
16,"<h2 class=""blog_entry-title""></h2>","<div class=""entry-content"">
<div class=""entry-content"">
</div>
</div>"
17,"<h2 class=""blog_entry-title""></h2>","<div class=""entry-content"">
<div class=""entry-content"">
</div>
</div>"
18,"<h2 class=""blog_entry-title""></h2>","<div class=""entry-content"">
<div class=""entry-content"">
</div>
</div>"
19,"<h2 class=""blog_entry-title""></h2>","<div class=""entry-content"">
<div class=""entry-content"">
</div>
</div>"
20,"<h2 class=""blog_entry-title""></h2>","<div class=""entry-content"">
<div class=""entry-content"">
</div>
</div>"
21,"<h2 class=""blog_entry-title""></h2>","<div class=""entry-content"">
<div class=""entry-content"">
</div>
</div>"
22,"<h2 class=""blog_entry-title""></h2>","<div class=""entry-content"">
<div class=""entry-content"">
</div>
</div>"
23,"<h2 class=""blog_entry-title""></h2>","<div class=""entry-content"">
<div class=""entry-content"">
</div>
</div>"
24,"<h2 class=""blog_entry-title""></h2>","<div class=""entry-content"">
<div class=""entry-content"">
</div>
</div>"
25,"<h2 class=""blog_entry-title""></h2>","<div class=""entry-content"">
<div class=""entry-content"">
</div>
</div>"
26,"<h2 class=""blog_entry-title""></h2>","<div class=""entry-content"">
<div class=""entry-content"">
</div>
</div>"
27,"<h2 class=""blog_entry-title""></h2>","<div class=""entry-content"">
<div class=""entry-content"">
</div>
</div>"
28,"<h2 class=""blog_entry-title""></h2>","<div class=""entry-content"">
<div class=""entry-content"">
</div>
</div>"
29,"<h2 class=""blog_entry-title""></h2>","<div class=""entry-content"">
<div class=""entry-content"">
</div>
</div>"
30,"<h2 class=""blog_entry-title""></h2>","<div class=""entry-content"">
<div class=""entry-content"">
</div>
</div>"
31,"<h2 class=""blog_entry-title""></h2>","<div class=""entry-content"">
<div class=""entry-content"">
</div>
</div>"
32,"<h2 class=""blog_entry-title""></h2>","<div class=""entry-content"">
<div class=""entry-content"">
</div>
</div>"
33,"<h2 class=""blog_entry-title""></h2>","<div class=""entry-content"">
<div class=""entry-content"">
</div>
</div>"
34,"<h2 class=""blog_entry-title""></h2>","<div class=""entry-content"">
<div class=""entry-content"">
</div>
</div>"
35,"<h2 class=""blog_entry-title""></h2>","<div class=""entry-content"">
<div class=""entry-content"">
</div>
</div>"
36,"<h2 class=""blog_entry-title""></h2>","<div class=""entry-content"">
<div class=""entry-content"">
</div>
</div>"
37,"<h2 class=""blog_entry-title""></h2>","<div class=""entry-content"">
<div class=""entry-content"">
</div>
</div>"
38,"<h2 class=""blog_entry-title""></h2>","<div class=""entry-content"">
<div class=""entry-content"">
</div>
</div>"
39,"<h2 class=""blog_entry-title""></h2>","<div class=""entry-content"">
<div class=""entry-content"">
</div>
</div>"
40,"<h2 class=""blog_entry-title""></h2>","<div class=""entry-content"">
<div class=""entry-content"">
</div>
</div>"
41,"<h2 class=""blog_entry-title""></h2>","<div class=""entry-content"">
<div class=""entry-content"">
</div>
</div>"
42,"<h2 class=""blog_entry-title""></h2>","<div class=""entry-content"">
<div class=""entry-content"">
</div>
</div>"
43,"<h2 class=""blog_entry-title""></h2>","<div class=""entry-content"">
<div class=""entry-content"">
</div>
</div>"
44,"<h2 class=""blog_entry-title""></h2>","<div class=""entry-content"">
<div class=""entry-content"">
</div>
</div>"
45,"<h2 class=""blog_entry-title""></h2>","<div class=""entry-content"">
<div class=""entry-content"">
</div>
</div>"
46,"<h2 class=""blog_entry-title""></h2>","<div class=""entry-content"">
<div class=""entry-content"">
</div>
</div>"
47,"<h2 class=""blog_entry-title""></h2>","<div class=""entry-content"">
<div class=""entry-content"">
</div>
</div>"
48,"<h2 class=""blog_entry-title""></h2>","<div class=""entry-content"">
<div class=""entry-content"">
</div>
</div>"
49,"<h2 class=""blog_entry-title""></h2>","<div class=""entry-content"">
<div class=""entry-content"">
</div>
</div>"
50,"<h2 class=""blog_entry-title""></h2>","<div class=""entry-content"">
<div class=""entry-content"">
</div>
</div>"
51,"<h2 class=""blog_entry-title""></h2>","<div class=""entry-content"">
<div class=""entry-content"">
</div>
</div>"
52,"<h2 class=""blog_entry-title""></h2>","<div class=""entry-content"">
<div class=""entry-content"">
</div>
</div>"
53,"<h2 class=""blog_entry-title""></h2>","<div class=""entry-content"">
<div class=""entry-content"">
</div>
</div>"
54,"<h2 class=""blog_entry-title""></h2>","<div class=""entry-content"">
<div class=""entry-content"">
</div>
</div>"
55,"<h2 class=""blog_entry-title""></h2>","<div class=""entry-content"">
<div class=""entry-content"">
</div>
</div>"
56,"<h2 class=""blog_entry-title""></h2>","<div class=""entry-content"">
<div class=""entry-content"">
</div>
</div>"
57,"<h2 class=""blog_entry-title""></h2>","<div class=""entry-content"">
<div class=""entry-content"">
</div>
</div>"
58,"<h2 class=""blog_entry-title""></h2>","<div class=""entry-content"">
<div class=""entry-content"">
</div>
</div>"
59,"<h2 class=""blog_entry-title""></h2>","<div class=""entry-content"">
<div class=""entry-content"">
</div>
</div>"
60,"<h2 class=""blog_entry-title""></h2>","<div class=""entry-content"">
<div class=""entry-content"">
</div>
</div>"
61,"<h2 class=""blog_entry-title""></h2>","<div class=""entry-content"">
<div class=""entry-content"">
</div>
</div>"
62,"<h2 class=""blog_entry-title""></h2>","<div class=""entry-content"">
<div class=""entry-content"">
</div>
</div>"
63,"<h2 class=""blog_entry-title""></h2>","<div class=""entry-content"">
<div class=""entry-content"">
</div>
</div>"
64,"<h2 class=""blog_entry-title""></h2>","<div class=""entry-content"">
<div class=""entry-content"">
</div>
</div>"
65,"<h2 class=""blog_entry-title""></h2>","<div class=""entry-content"">
<div class=""entry-content"">
</div>
</div>"
66,"<h2 class=""blog_entry-title""></h2>","<div class=""entry-content"">
<div class=""entry-content"">
</div>
</div>"
67,"<h2 class=""blog_entry-title""></h2>","<div class=""entry-content"">
<div class=""entry-content"">
</div>
</div>"
68,"<h2 class=""blog_entry-title""></h2>","<div class=""entry-content"">
<div class=""entry-content"">
</div>
</div>"
69,"<h2 class=""blog_entry-title""></h2>","<div class=""entry-content"">
<div class=""entry-content"">
</div>
</div>"
70,"<h2 class=""blog_entry-title""></h2>","<div class=""entry-content"">
<div class=""entry-content"">
</div>
</div>"
71,"<h2 class=""blog_entry-title""></h2>","<div class=""entry-content"">
<div class=""entry-content"">
</div>
</div>"
72,"<h2 class=""blog_entry-title""></h2>","<div class=""entry-content"">
<div class=""entry-content"">
</div>
</div>"
73,"<h2 class=""blog_entry-title""></h2>","<div class=""entry-content"">
<div class=""entry-content"">
</div>
</div>"
74,"<h2 class=""blog_entry-title""></h2>","<div class=""entry-content"">
<div class=""entry-content"">
</div>
</div>"
75,"<h2 class=""blog_entry-title""></h2>","<div class=""entry-content"">
<div class=""entry-content"">
</div>
</div>"
76,"<h2 class=""blog_entry-title""></h2>","<div class=""entry-content"">
<div class=""entry-content"">
</div>
</div>"
77,"<h2 class=""blog_entry-title""></h2>","<div class=""entry-content"">
<div class=""entry-content"">
</div>
</div>"
78,"<h2 class=""blog_entry-title""></h2>","<div class=""entry-content"">
<div class=""entry-content"">
</div>
</div>"
79,"<h2 class=""blog_entry-title""></h2>","<div class=""entry-content"">
<div class=""entry-content"">
</div>
</div>"
80,"<h2 class=""blog_entry-title""></h2>","<div class=""entry-content"">
<div class=""entry-content"">
</div>
</div>"
81,"<h2 class=""blog_entry-title""></h2>","<div class=""entry-content"">
<div class=""entry-content"">
</div>
</div>"
82,"<h2 class=""blog_entry-title""></h2>","<div class=""entry-content"">
<div class=""entry-content"">
</div>
</div>"
83,"<h2 class=""blog_entry-title""></h2>","<div class=""entry-content"">
<div class=""entry-content"">
</div>
</div>"
84,"<h2 class=""blog_entry-title""></h2>","<div class=""entry-content"">
<div class=""entry-content"">
</div>
</div>"
85,"<h2 class=""blog_entry-title""></h2>","<div class=""entry-content"">
<div class=""entry-content"">
</div>
</div>"
86,"<h2 class=""blog_entry-title""></h2>","<div class=""entry-content"">
<div class=""entry-content"">
</div>
</div>"
87,"<h2 class=""blog_entry-title""></h2>","<div class=""entry-content"">
<div class=""entry-content"">
</div>
</div>"
88,"<h2 class=""blog_entry-title""></h2>","<div class=""entry-content"">
<div class=""entry-content"">
</div>
</div>"
89,"<h2 class=""blog_entry-title""></h2>","<div class=""entry-content"">
<div class=""entry-content"">
</div>
</div>"
90,"<h2 class=""blog_entry-title""></h2>","<div class=""entry-content"">
<div class=""entry-content"">
</div>
</div>"
91,"<h2 class=""blog_entry-title""></h2>","<div class=""entry-content"">
<div class=""entry-content"">
</div>
</div>"
92,"<h2 class=""blog_entry-title""></h2>","<div class=""entry-content"">
<div class=""entry-content"">
</div>
</div>"
93,"<h2 class=""blog_entry-title""></h2>","<div class=""entry-content"">
<div class=""entry-content"">
</div>
</div>"
94,"<h2 class=""blog_entry-title""></h2>","<div class=""entry-content"">
<div class=""entry-content"">
</div>
</div>"
95,"<h2 class=""blog_entry-title""></h2>","<div class=""entry-content"">
<div class=""entry-content"">
</div>
</div>"
96,"<h2 class=""blog_entry-title""></h2>","<div class=""entry-content"">
<div class=""entry-content"">
</div>
</div>"
97,"<h2 class=""blog_entry-title""></h2>","<div class=""entry-content"">
<div class=""entry-content"">
</div>
</div>"
98,"<h2 class=""blog_entry-title""></h2>","<div class=""entry-content"">
<div class=""entry-content"">
</div>
</div>"
99,"<h2 class=""blog_entry-title""></h2>","<div class=""entry-content"">
<div class=""entry-content"">
</div>
</div>"
100,"<h2 class=""blog_entry-title""></h2>","<div class=""entry-content"">
<div class=""entry-content"">
</div>
</div>"
101,"<h2 class=""blog_entry-title""></h2>","<div class=""entry-content"">
<div class=""entry-content"">
</div>
</div>"
102,"<h2 class=""blog_entry-title""></h2>","<div class=""entry-content"">
<div class=""entry-content"">
</div>
</div>"
103,"<h2 class=""blog_entry-title""></h2>","<div class=""entry-content"">
<div class=""entry-content"">
</div>
</div>"
104,"<h2 class=""blog_entry-title""></h2>","<div class=""entry-content"">
<div class=""entry-content"">
</div>
</div>"
105,"<h2 class=""blog_entry-title""></h2>","<div class=""entry-content"">
<div class=""entry-content"">
</div>
</div>"
106,"<h2 class=""blog_entry-title""></h2>","<div class=""entry-content"">
<div class=""entry-content"">
</div>
</div>"
107,"<h2 class=""blog_entry-title""></h2>","<div class=""entry-content"">
<div class=""entry-content"">
</div>
</div>"
108,"<h2 class=""blog_entry-title""></h2>","<div class=""entry-content"">
<div class=""entry-content"">
</div>
</div>"
109,"<h2 class=""blog_entry-title""></h2>","<div class=""entry-content"">
<div class=""entry-content"">
</div>
</div>"
110,"<h2 class=""blog_entry-title""></h2>","<div class=""entry-content"">
<div class=""entry-content"">
</div>
</div>"
111,"<h2 class=""blog_entry-title""></h2>","<div class=""entry-content"">
<div class=""entry-content"">
</div>
</div>"
112,"<h2 class=""blog_entry-title""></h2>","<div class=""entry-content"">
<div class=""entry-content"">
</div>
</div>"
113,"<h2 class=""blog_entry-title""></h2>","<div class=""entry-content"">
<div class=""entry-content"">
</div>
</div>"
114,"<h2 class=""blog_entry-title""></h2>","<div class=""entry-content"">
<div class=""entry-content"">
</div>
</div>"
115,"<h2 class=""blog_entry-title""></h2>","<div class=""entry-content"">
<div class=""entry-content"">
</div>
</div>"
116,"<h2 class=""blog_entry-title""></h2>","<div class=""entry-content"">
<div class=""entry-content"">
</div>
</div>"
117,"<h2 class=""blog_entry-title""></h2>","<div class=""entry-content"">
<div class=""entry-content"">
</div>
</div>"
118,"<h2 class=""blog_entry-title""></h2>","<div class=""entry-content"">
<div class=""entry-content"">
</div>
</div>"
119,"<h2 class=""blog_entry-title""></h2>","<div class=""entry-content"">
<div class=""entry-content"">
</div>
</div>"
120,"<h2 class=""blog_entry-title""></h2>","<div class=""entry-content"">
<div class=""entry-content"">
</div>
</div>"
121,"<h2 class=""blog_entry-title""></h2>","<div class=""entry-content"">
<div class=""entry-content"">
</div>
</div>"
122,"<h2 class=""blog_entry-title""></h2>","<div class=""entry-content"">
<div class=""entry-content"">
</div>
</div>"
123,"<h2 class=""blog_entry-title""></h2>","<div class=""entry-content"">
<div class=""entry-content"">
</div>
</div>"
124,"<h2 class=""blog_entry-title""></h2>","<div class=""entry-content"">
<div class=""entry-content"">
</div>
</div>"
125,"<h2 class=""blog_entry-title""></h2>","<div class=""entry-content"">
<div class=""entry-content"">
</div>
</div>"
126,"<h2 class=""blog_entry-title""></h2>","<div class=""entry-content"">
<div class=""entry-content"">
</div>
</div>"
127,"<h2 class=""blog_entry-title""></h2>","<div class=""entry-content"">
<div class=""entry-content"">
</div>
</div>"
128,"<h2 class=""blog_entry-title""></h2>","<div class=""entry-content"">
<div class=""entry-content"">
</div>
</div>"
129,"<h2 class=""blog_entry-title""></h2>","<div class=""entry-content"">
<div class=""entry-content"">
</div>
</div>"
130,"<h2 class=""blog_entry-title""></h2>","<div class=""entry-content"">
<div class=""entry-content"">
</div>
</div>"
131,"<h2 class=""blog_entry-title""></h2>","<div class=""entry-content"">
<div class=""entry-content"">
</div>
</div>"
132,"<h2 class=""blog_entry-title""></h2>","<div class=""entry-content"">
<div class=""entry-content"">
</div>
</div>"
133,"<h2 class=""blog_entry-title""></h2>","<div class=""entry-content"">
<div class=""entry-content"">
</div>
</div>"
134,"<h2 class=""blog_entry-title""></h2>","<div class=""entry-content"">
<div class=""entry-content"">
</div>
</div>"
135,"<h2 class=""blog_entry-title""></h2>","<div class=""entry-content"">
<div class=""entry-content"">
</div>
</div>"
136,"<h2 class=""blog_entry-title""></h2>","<div class=""entry-content"">
<div class=""entry-content"">
</div>
</div>"
137,"<h2 class=""blog_entry-title""></h2>","<div class=""entry-content"">
<div class=""entry-content"">
</div>
</div>"
138,"<h2 class=""blog_entry-title""></h2>","<div class=""entry-content"">
<div class=""entry-content"">
</div>
</div>"
139,"<h2 class=""blog_entry-title""></h2>","<div class=""entry-content"">
<div class=""entry-content"">
</div>
</div>"
140,"<h2 class=""blog_entry-title""></h2>","<div class=""entry-content"">
<div class=""entry-content"">
</div>
</div>"
141,"<h2 class=""blog_entry-title""></h2>","<div class=""entry-content"">
<div class=""entry-content"">
</div>
</div>"
142,"<h2 class=""blog_entry-title""></h2>","<div class=""entry-content"">
<div class=""entry-content"">
</div>
</div>"
143,"<h2 class=""blog_entry-title""></h2>","<div class=""entry-content"">
<div class=""entry-content"">
</div>
</div>"
144,"<h2 class=""blog_entry-title""></h2>","<div class=""entry-content"">
<div class=""entry-content"">
</div>
</div>"
145,"<h2 class=""blog_entry-title""></h2>","<div class=""entry-content"">
<div class=""entry-content"">
</div>
</div>"
146,"<h2 class=""blog_entry-title""></h2>","<div class=""entry-content"">
<div class=""entry-content"">
</div>
</div>"
147,"<h2 class=""blog_entry-title""></h2>","<div class=""entry-content"">
<div class=""entry-content"">
</div>
</div>"
148,"<h2 class=""blog_entry-title""></h2>","<div class=""entry-content"">
<div class=""entry-content"">
</div>
</div>"
149,"<h2 class=""blog_entry-title""></h2>","<div class=""entry-content"">
<div class=""entry-content"">
</div>
</div>"
150,"<h2 class=""blog_entry-title""></h2>","<div class=""entry-content"">
<div class=""entry-content"">
</div>
</div>"
151,"<h2 class=""blog_entry-title""></h2>","<div class=""entry-content"">
<div class=""entry-content"">
</div>
</div>"
152,"<h2 class=""blog_entry-title""></h2>","<div class=""entry-content"">
<div class=""entry-content"">
</div>
</div>"
153,"<h2 class=""blog_entry-title""></h2>","<div class=""entry-content"">
<div class=""entry-content"">
</div>
</div>"
154,"<h2 class=""blog_entry-title""></h2>","<div class=""entry-content"">
<div class=""entry-content"">
</div>
</div>"
155,"<h2 class=""blog_entry-title""></h2>","<div class=""entry-content"">
<div class=""entry-content"">
</div>
</div>"
156,"<h2 class=""blog_entry-title""></h2>","<div class=""entry-content"">
<div class=""entry-content"">
</div>
</div>"
157,"<h2 class=""blog_entry-title""></h2>","<div class=""entry-content"">
<div class=""entry-content"">
</div>
</div>"
158,"<h2 class=""blog_entry-title""></h2>","<div class=""entry-content"">
<div class=""entry-content"">
</div>
</div>"
159,"<h2 class=""blog_entry-title""></h2>","<div class=""entry-content"">
<div class=""entry-content"">
</div>
</div>"
160,"<h2 class=""blog_entry-title""></h2>","<div class=""entry-content"">
<div class=""entry-content"">
</div>
</div>"
161,"<h2 class=""blog_entry-title""></h2>","<div class=""entry-content"">
<div class=""entry-content"">
</div>
</div>"
162,"<h2 class=""blog_entry-title""></h2>","<div class=""entry-content"">
<div class=""entry-content"">
</div>
</div>"
163,"<h2 class=""blog_entry-title""></h2>","<div class=""entry-content"">
<div class=""entry-content"">
</div>
</div>"
164,"<h2 class=""blog_entry-title""></h2>","<div class=""entry-content"">
<div class=""entry-content"">
</div>
</div>"
165,"<h2 class=""blog_entry-title""></h2>","<div class=""entry-content"">
<div class=""entry-content"">
</div>
</div>"
166,"<h2 class=""blog_entry-title""></h2>","<div class=""entry-content"">
<div class=""entry-content"">
</div>
</div>"
167,"<h2 class=""blog_entry-title""></h2>","<div class=""entry-content"">
<div class=""entry-content"">
</div>
</div>"
168,"<h2 class=""blog_entry-title""></h2>","<div class=""entry-content"">
<div class=""entry-content"">
</div>
</div>"
169,"<h2 class=""blog_entry-title""></h2>","<div class=""entry-content"">
<div class=""entry-content"">
</div>
</div>"
170,"<h2 class=""blog_entry-title""></h2>","<div class=""entry-content"">
<div class=""entry-content"">
</div>
</div>"
171,"<h2 class=""blog_entry-title""></h2>","<div class=""entry-content"">
<div class=""entry-content"">
</div>
</div>"
172,"<h2 class=""blog_entry-title""></h2>","<div class=""entry-content"">
<div class=""entry-content"">
</div>
</div>"
173,"<h2 class=""blog_entry-title""></h2>","<div class=""entry-content"">
<div class=""entry-content"">
</div>
</div>"
174,"<h2 class=""blog_entry-title""></h2>","<div class=""entry-content"">
<div class=""entry-content"">
</div>
</div>"
175,"<h2 class=""blog_entry-title""></h2>","<div class=""entry-content"">
<div class=""entry-content"">
</div>
</div>"
176,"<h2 class=""blog_entry-title""></h2>","<div class=""entry-content"">
<div class=""entry-content"">
</div>
</div>"
177,"<h2 class=""blog_entry-title""></h2>","<div class=""entry-content"">
<div class=""entry-content"">
</div>
</div>"
178,"<h2 class=""blog_entry-title""></h2>","<div class=""entry-content"">
<div class=""entry-content"">
</div>
</div>"
179,"<h2 class=""blog_entry-title""></h2>","<div class=""entry-content"">
<div class=""entry-content"">
</div>
</div>"
180,"<h2 class=""blog_entry-title""></h2>","<div class=""entry-content"">
<div class=""entry-content"">
</div>
</div>"
181,"<h2 class=""blog_entry-title""></h2>","<div class=""entry-content"">
<div class=""entry-content"">
</div>
</div>"
182,"<h2 class=""blog_entry-title""></h2>","<div class=""entry-content"">
<div class=""entry-content"">
</div>
</div>"
183,"<h2 class=""blog_entry-title""></h2>","<div class=""entry-content"">
<div class=""entry-content"">
</div>
</div>"
184,"<h2 class=""blog_entry-title""></h2>","<div class=""entry-content"">
<div class=""entry-content"">
</div>
</div>"
185,"<h2 class=""blog_entry-title""></h2>","<div class=""entry-content"">
<div class=""entry-content"">
</div>
</div>"
186,"<h2 class=""blog_entry-title""></h2>","<div class=""entry-content"">
<div class=""entry-content"">
</div>
</div>"
187,"<h2 class=""blog_entry-title""></h2>","<div class=""entry-content"">
<div class=""entry-content"">
</div>
</div>"
188,"<h2 class=""blog_entry-title""></h2>","<div class=""entry-content"">
<div class=""entry-content"">
</div>
</div>"
189,"<h2 class=""blog_entry-title""></h2>","<div class=""entry-content"">
<div class=""entry-content"">
</div>
</div>"
190,"<h2 class=""blog_entry-title""></h2>","<div class=""entry-content"">
<div class=""entry-content"">
</div>
</div>"
191,"<h2 class=""blog_entry-title""></h2>","<div class=""entry-content"">
<div class=""entry-content"">
</div>
</div>"
192,"<h2 class=""blog_entry-title""></h2>","<div class=""entry-content"">
<div class=""entry-content"">
</div>
</div>"
193,"<h2 class=""blog_entry-title""></h2>","<div class=""entry-content"">
<div class=""entry-content"">
</div>
</div>"
194,"<h2 class=""blog_entry-title""></h2>","<div class=""entry-content"">
<div class=""entry-content"">
</div>
</div>"
195,"<h2 class=""blog_entry-title""></h2>","<div class=""entry-content"">
<div class=""entry-content"">
</div>
</div>"
196,"<h2 class=""blog_entry-title""></h2>","<div class=""entry-content"">
<div class=""entry-content"">
</div>
</div>"
197,"<h2 class=""blog_entry-title""></h2>","<div class=""entry-content"">
<div class=""entry-content"">
</div>
</div>"
198,"<h2 class=""blog_entry-title""></h2>","<div class=""entry-content"">
<div class=""entry-content"">
</div>
</div>"
199,"<h2 class=""blog_entry-title""></h2>","<div class=""entry-content"">
<div class=""entry-content"">
</div>
</div>"
200,"<h2 class=""blog_entry-title""></h2>","<div class=""entry-content"">
<div class=""entry-content"">
</div>
</div>"
201,"<h2 class=""blog_entry-title""></h2>","<div class=""entry-content"">
<div class=""entry-content"">
</div>
</div>"
202,"<h2 class=""blog_entry-title""></h2>","<div class=""entry-content"">
<div class=""entry-content"">
</div>
</div>"
203,"<h2 class=""blog_entry-title""></h2>","<div class=""entry-content"">
<div class=""entry-content"">
</div>
</div>"
204,"<h2 class=""blog_entry-title""></h2>","<div class=""entry-content"">
<div class=""entry-content"">
</div>
</div>"
205,"<h2 class=""blog_entry-title""></h2>","<div class=""entry-content"">
<div class=""entry-content"">
</div>
</div>"
206,"<h2 class=""blog_entry-title""></h2>","<div class=""entry-content"">
<div class=""entry-content"">
</div>
</div>"
207,"<h2 class=""blog_entry-title""></h2>","<div class=""entry-content"">
<div class=""entry-content"">
</div>
</div>"
